name,url
"SVG Repo - Search, explore, edit and share open licensed SVG vectors",https://www.svgrepo.com/logo.svg
Searching,https://www.svgrepo.com/_next/static/media/spin.6ffd8bb2.svg
Speech Recognition,https://www.svgrepo.com/show/438980/speech-recognition.svg
Specificity,https://www.svgrepo.com/show/438981/specificity.svg
Spread,https://www.svgrepo.com/show/438982/spread.svg
Speech Synthesis,https://www.svgrepo.com/show/438983/speech-synthesis.svg
Ssh,https://www.svgrepo.com/show/438984/ssh.svg
Sql,https://www.svgrepo.com/show/438985/sql.svg
Stack,https://www.svgrepo.com/show/438986/stack.svg
Standardization,https://www.svgrepo.com/show/438987/standardization.svg
Storage,https://www.svgrepo.com/show/438988/storage.svg
Stencil,https://www.svgrepo.com/show/438989/stencil.svg
Streams,https://www.svgrepo.com/show/438990/streams.svg
String Search,https://www.svgrepo.com/show/438991/string-search.svg
Style Calculations,https://www.svgrepo.com/show/438992/style-calculations.svg
Svelte,https://www.svgrepo.com/show/438993/svelte.svg
Svg,https://www.svgrepo.com/show/438994/svg.svg
Syntax,https://www.svgrepo.com/show/438995/syntax.svg
Syntax 2,https://www.svgrepo.com/show/438996/syntax-2.svg
Syntax 1,https://www.svgrepo.com/show/438997/syntax-1.svg
Task Runners,https://www.svgrepo.com/show/438998/task-runners.svg
System Testing,https://www.svgrepo.com/show/438999/system-testing.svg
Tc39,https://www.svgrepo.com/show/439000/tc39.svg
Tcp,https://www.svgrepo.com/show/439001/tcp.svg
Template Literals,https://www.svgrepo.com/show/439002/template-literals.svg
Test Driven Development,https://www.svgrepo.com/show/439003/test-driven-development.svg
Testing Methodologies,https://www.svgrepo.com/show/439004/testing-methodologies.svg
Test Runners,https://www.svgrepo.com/show/439005/test-runners.svg
The Golden Ratio,https://www.svgrepo.com/show/439006/the-golden-ratio.svg
The Internet,https://www.svgrepo.com/show/439007/the-internet.svg
The Pixel Pipeline,https://www.svgrepo.com/show/439008/the-pixel-pipeline.svg
The Why,https://www.svgrepo.com/show/439009/the-why.svg
Time Complexity,https://www.svgrepo.com/show/439010/time-complexity.svg
Touch Events,https://www.svgrepo.com/show/439011/touch-events.svg
Time To Interactive,https://www.svgrepo.com/show/439012/time-to-interactive.svg
Transactions,https://www.svgrepo.com/show/439013/transactions.svg
Total Blocking Time,https://www.svgrepo.com/show/439014/total-blocking-time.svg
Transforms,https://www.svgrepo.com/show/439015/transforms.svg
Transforms 1,https://www.svgrepo.com/show/439016/transforms-1.svg
Transpilers,https://www.svgrepo.com/show/439017/transpilers.svg
Trees,https://www.svgrepo.com/show/439018/trees.svg
Tree Shaking,https://www.svgrepo.com/show/439019/tree-shaking.svg
Trusted Web Activities,https://www.svgrepo.com/show/439020/trusted-web-activities.svg
Trie,https://www.svgrepo.com/show/439021/trie.svg
Typescript,https://www.svgrepo.com/show/439022/typescript.svg
Typography,https://www.svgrepo.com/show/439023/typography.svg
Udp,https://www.svgrepo.com/show/439024/udp.svg
Unit Testing,https://www.svgrepo.com/show/439025/unit-testing.svg
Ui States,https://www.svgrepo.com/show/439026/ui-states.svg
Usability Testing,https://www.svgrepo.com/show/439027/usability-testing.svg
Variable Fonts,https://www.svgrepo.com/show/439028/variable-fonts.svg
Vue,https://www.svgrepo.com/show/439029/vue.svg
SVG Repo Twitter,https://www.svgrepo.com/_next/static/media/twitter.29b6fbd9.svg
SVG Repo Instagram,https://www.svgrepo.com/_next/static/media/instagram.7062f55e.svg
SVG Repo Dribbble,https://www.svgrepo.com/_next/static/media/dribbble.e6cbf389.svg
SVG Repo ProductHunt,https://www.svgrepo.com/_next/static/media/producthunt.fabbb697.svg
W3c,https://www.svgrepo.com/show/439030/w3c.svg
Web App Manifest,https://www.svgrepo.com/show/439031/web-app-manifest.svg
Waterfall Development,https://www.svgrepo.com/show/439032/waterfall-development.svg
Web Animations,https://www.svgrepo.com/show/439033/web-animations.svg
Web Audio,https://www.svgrepo.com/show/439034/web-audio.svg
Web Assembly,https://www.svgrepo.com/show/439035/web-assembly.svg
Web Authentication Api,https://www.svgrepo.com/show/439036/web-authentication-api.svg
Web Bluetooth,https://www.svgrepo.com/show/439037/web-bluetooth.svg
Webkit,https://www.svgrepo.com/show/439038/webkit.svg
Webpack,https://www.svgrepo.com/show/439039/webpack.svg
Web Rtc,https://www.svgrepo.com/show/439040/web-rtc.svg
Web Usb,https://www.svgrepo.com/show/439041/web-usb.svg
Web Sockets,https://www.svgrepo.com/show/439042/web-sockets.svg
Web Workers,https://www.svgrepo.com/show/439043/web-workers.svg
Web Xr,https://www.svgrepo.com/show/439044/web-xr.svg
White Box Testing,https://www.svgrepo.com/show/439045/white-box-testing.svg
Whatwg,https://www.svgrepo.com/show/439046/whatwg.svg
A B Testing,https://www.svgrepo.com/show/439047/a-b-testing.svg
Yarn,https://www.svgrepo.com/show/439048/yarn.svg
Accessibility,https://www.svgrepo.com/show/439049/accessibility.svg
Acceptance Testing,https://www.svgrepo.com/show/439050/acceptance-testing.svg
Accessibility Tree,https://www.svgrepo.com/show/439051/accessibility-tree.svg
Accessible Colors,https://www.svgrepo.com/show/439052/accessible-colors.svg
Accessible Css,https://www.svgrepo.com/show/439053/accessible-css.svg
Accessible Html,https://www.svgrepo.com/show/439054/accessible-html.svg
Acid,https://www.svgrepo.com/show/439055/acid.svg
Accessible Forms,https://www.svgrepo.com/show/439056/accessible-forms.svg
Add To Homescreen,https://www.svgrepo.com/show/439057/add-to-homescreen.svg
Agile Development,https://www.svgrepo.com/show/439058/agile-development.svg
Alignment,https://www.svgrepo.com/show/439059/alignment.svg
Alt Text,https://www.svgrepo.com/show/439060/alt-text.svg
Angular,https://www.svgrepo.com/show/439061/angular.svg
Animations,https://www.svgrepo.com/show/439062/animations.svg
App Shell,https://www.svgrepo.com/show/439063/app-shell.svg
Architectural Models,https://www.svgrepo.com/show/439064/architectural-models.svg
Aria,https://www.svgrepo.com/show/439065/aria.svg
Armstrongs Axioms,https://www.svgrepo.com/show/439066/armstrongs-axioms.svg
Arrays,https://www.svgrepo.com/show/439067/arrays.svg
Audits,https://www.svgrepo.com/show/439068/audits.svg
Async Await,https://www.svgrepo.com/show/439069/async-await.svg
Automated Testing,https://www.svgrepo.com/show/439070/automated-testing.svg
Ava,https://www.svgrepo.com/show/439071/ava.svg
Babel,https://www.svgrepo.com/show/439072/babel.svg
Basic Tags,https://www.svgrepo.com/show/439073/basic-tags.svg
Bem,https://www.svgrepo.com/show/439074/bem.svg
Beacon,https://www.svgrepo.com/show/439075/beacon.svg
Best Practices,https://www.svgrepo.com/show/439076/best-practices.svg
Best Practices (1),https://www.svgrepo.com/show/439077/best-practices-1.svg
Best Practices (3),https://www.svgrepo.com/show/439078/best-practices-3.svg
Best Practices (2),https://www.svgrepo.com/show/439079/best-practices-2.svg
Best Practices (4),https://www.svgrepo.com/show/439080/best-practices-4.svg
Best Practices (5),https://www.svgrepo.com/show/439081/best-practices-5.svg
Big O Notation,https://www.svgrepo.com/show/439082/big-o-notation.svg
Binary Search,https://www.svgrepo.com/show/439083/binary-search.svg
Binary Indexed Tree,https://www.svgrepo.com/show/439084/binary-indexed-tree.svg
Bitbucket,https://www.svgrepo.com/show/439085/bitbucket.svg
Blink,https://www.svgrepo.com/show/439086/blink.svg
Black Box Testing,https://www.svgrepo.com/show/439087/black-box-testing.svg
Box Model,https://www.svgrepo.com/show/439088/box-model.svg
Breadth First Search,https://www.svgrepo.com/show/439089/breadth-first-search.svg
Breakpoints,https://www.svgrepo.com/show/439090/breakpoints.svg
Bridge,https://www.svgrepo.com/show/439091/bridge.svg
Browser Extensions,https://www.svgrepo.com/show/439092/browser-extensions.svg
Browser Sandbox,https://www.svgrepo.com/show/439093/browser-sandbox.svg
Browser Engines,https://www.svgrepo.com/show/439094/browser-engines.svg
Caching,https://www.svgrepo.com/show/439095/caching.svg
Calc,https://www.svgrepo.com/show/439096/calc.svg
Canvas,https://www.svgrepo.com/show/439097/canvas.svg
Chain Of Responsibility,https://www.svgrepo.com/show/439098/chain-of-responsibility.svg
Callbacks,https://www.svgrepo.com/show/439099/callbacks.svg
Chrome Devtools,https://www.svgrepo.com/show/439100/chrome-devtools.svg
Classes,https://www.svgrepo.com/show/439101/classes.svg
Clickjacking,https://www.svgrepo.com/show/439102/clickjacking.svg
Clipboard,https://www.svgrepo.com/show/439103/clipboard.svg
Client Server,https://www.svgrepo.com/show/439104/client-server.svg
Codesplitting,https://www.svgrepo.com/show/439105/codesplitting.svg
Client Many Servers,https://www.svgrepo.com/show/439106/client-many-servers.svg
Colors,https://www.svgrepo.com/show/439107/colors.svg
Color Theory,https://www.svgrepo.com/show/439108/color-theory.svg
Color Wheel,https://www.svgrepo.com/show/439109/color-wheel.svg
Console Api,https://www.svgrepo.com/show/439110/console-api.svg
Compression,https://www.svgrepo.com/show/439111/compression.svg
Consistency,https://www.svgrepo.com/show/439112/consistency.svg
Constructible Stylesheets,https://www.svgrepo.com/show/439113/constructible-stylesheets.svg
Constructor,https://www.svgrepo.com/show/439114/constructor.svg
Contrast,https://www.svgrepo.com/show/439115/contrast.svg
Cost Model,https://www.svgrepo.com/show/439116/cost-model.svg
Content Security Policy,https://www.svgrepo.com/show/439117/content-security-policy.svg
Continuous Integration,https://www.svgrepo.com/show/439118/continuous-integration.svg
Crap,https://www.svgrepo.com/show/439119/crap.svg
Credentials Manager Api,https://www.svgrepo.com/show/439120/credentials-manager-api.svg
Critical Rendering Path,https://www.svgrepo.com/show/439121/critical-rendering-path.svg
Critical Request Chains,https://www.svgrepo.com/show/439122/critical-request-chains.svg
Crud,https://www.svgrepo.com/show/439123/crud.svg
Cross Site Scripting,https://www.svgrepo.com/show/439124/cross-site-scripting.svg
Css Containment,https://www.svgrepo.com/show/439125/css-containment.svg
Css Methodologies,https://www.svgrepo.com/show/439126/css-methodologies.svg
Currying,https://www.svgrepo.com/show/439127/currying.svg
Custom Elements,https://www.svgrepo.com/show/439128/custom-elements.svg
Css Variables,https://www.svgrepo.com/show/439129/css-variables.svg
Css Pre Processors,https://www.svgrepo.com/show/439130/css-pre-processors.svg
Cypress,https://www.svgrepo.com/show/439131/cypress.svg
Data Integrity,https://www.svgrepo.com/show/439132/data-integrity.svg
Deadlocks,https://www.svgrepo.com/show/439133/deadlocks.svg
Debugging,https://www.svgrepo.com/show/439134/debugging.svg
Debounce,https://www.svgrepo.com/show/439135/debounce.svg
Data Modelling,https://www.svgrepo.com/show/439136/data-modelling.svg
Depth First Search,https://www.svgrepo.com/show/439137/depth-first-search.svg
Design Patterns,https://www.svgrepo.com/show/439138/design-patterns.svg
Design Systems,https://www.svgrepo.com/show/439139/design-systems.svg
Developer Console,https://www.svgrepo.com/show/439140/developer-console.svg
Destructuring,https://www.svgrepo.com/show/439141/destructuring.svg
Dijkstras Algorithm,https://www.svgrepo.com/show/439142/dijkstras-algorithm.svg
Device Orientation And Motion,https://www.svgrepo.com/show/439143/device-orientation-and-motion.svg
Discoverable Content,https://www.svgrepo.com/show/439144/discoverable-content.svg
Docker,https://www.svgrepo.com/show/439145/docker.svg
Documentation,https://www.svgrepo.com/show/439146/documentation.svg
Dom,https://www.svgrepo.com/show/439147/dom.svg
Dom Manipulation,https://www.svgrepo.com/show/439148/dom-manipulation.svg
Dynamic Import,https://www.svgrepo.com/show/439149/dynamic-import.svg
Er Diagram,https://www.svgrepo.com/show/439150/er-diagram.svg
Eslint,https://www.svgrepo.com/show/439151/eslint.svg
Error Handling,https://www.svgrepo.com/show/439152/error-handling.svg
Event Loop,https://www.svgrepo.com/show/439153/event-loop.svg
Events,https://www.svgrepo.com/show/439154/events.svg
Express,https://www.svgrepo.com/show/439155/express.svg
Fetch,https://www.svgrepo.com/show/439156/fetch.svg
First Meaningful Paint,https://www.svgrepo.com/show/439157/first-meaningful-paint.svg
Flex,https://www.svgrepo.com/show/439158/flex.svg
First Cpu Idle,https://www.svgrepo.com/show/439159/first-cpu-idle.svg
Focus,https://www.svgrepo.com/show/439160/focus.svg
Fluent Design,https://www.svgrepo.com/show/439161/fluent-design.svg
Font Size,https://www.svgrepo.com/show/439162/font-size.svg
Form Participation,https://www.svgrepo.com/show/439163/form-participation.svg
Fullscreen,https://www.svgrepo.com/show/439164/fullscreen.svg
Forms,https://www.svgrepo.com/show/439165/forms.svg
Functional Programming,https://www.svgrepo.com/show/439166/functional-programming.svg
Functional Dependencies,https://www.svgrepo.com/show/439167/functional-dependencies.svg
Generators,https://www.svgrepo.com/show/439168/generators.svg
Gecko,https://www.svgrepo.com/show/439169/gecko.svg
Gamepad Api,https://www.svgrepo.com/show/439170/gamepad-api.svg
Github,https://www.svgrepo.com/show/439171/github.svg
Geolocation,https://www.svgrepo.com/show/439172/geolocation.svg
Git,https://www.svgrepo.com/show/439173/git.svg
Gnu Linux,https://www.svgrepo.com/show/439174/gnu-linux.svg
Graphql,https://www.svgrepo.com/show/439175/graphql.svg
Graphs,https://www.svgrepo.com/show/439176/graphs.svg
Grid,https://www.svgrepo.com/show/439177/grid.svg
Hashing,https://www.svgrepo.com/show/439178/hashing.svg
Hash Tables,https://www.svgrepo.com/show/439179/hash-tables.svg
Heap,https://www.svgrepo.com/show/439180/heap.svg
Heapsort,https://www.svgrepo.com/show/439181/heapsort.svg
Heap (1),https://www.svgrepo.com/show/439182/heap-1.svg
History Api,https://www.svgrepo.com/show/439183/history-api.svg
Higher Order Functions,https://www.svgrepo.com/show/439184/higher-order-functions.svg
Hit Targets,https://www.svgrepo.com/show/439185/hit-targets.svg
Houdini,https://www.svgrepo.com/show/439186/houdini.svg
Html Templates,https://www.svgrepo.com/show/439187/html-templates.svg
Images,https://www.svgrepo.com/show/439188/images.svg
Https,https://www.svgrepo.com/show/439189/https.svg
Http,https://www.svgrepo.com/show/439190/http.svg
Http 2,https://www.svgrepo.com/show/439191/http-2.svg
Insertion Sort,https://www.svgrepo.com/show/439192/insertion-sort.svg
Indexing,https://www.svgrepo.com/show/439193/indexing.svg
Integration Testing,https://www.svgrepo.com/show/439194/integration-testing.svg
Intersection Observer,https://www.svgrepo.com/show/439195/intersection-observer.svg
Interaction Media Queries,https://www.svgrepo.com/show/439196/interaction-media-queries.svg
Intl,https://www.svgrepo.com/show/439197/intl.svg
Jasmine,https://www.svgrepo.com/show/439198/jasmine.svg
Kanban,https://www.svgrepo.com/show/439199/kanban.svg
Karma,https://www.svgrepo.com/show/439200/karma.svg
K D Tree,https://www.svgrepo.com/show/439201/k-d-tree.svg
Keyboard Accessibility,https://www.svgrepo.com/show/439202/keyboard-accessibility.svg
Keys,https://www.svgrepo.com/show/439203/keys.svg
Layers,https://www.svgrepo.com/show/439204/layers.svg
Largest Contentful Paint,https://www.svgrepo.com/show/439205/largest-contentful-paint.svg
Laws And Policies,https://www.svgrepo.com/show/439206/laws-and-policies.svg
Layout Trashing,https://www.svgrepo.com/show/439207/layout-trashing.svg
Layout,https://www.svgrepo.com/show/439208/layout.svg
Lazy Loading,https://www.svgrepo.com/show/439209/lazy-loading.svg
Lighthouse,https://www.svgrepo.com/show/439210/lighthouse.svg
Linked Lists,https://www.svgrepo.com/show/439211/linked-lists.svg
Line Spacing,https://www.svgrepo.com/show/439212/line-spacing.svg
Linters And Formatters,https://www.svgrepo.com/show/439213/linters-and-formatters.svg
Loading,https://www.svgrepo.com/show/439214/loading.svg
Lit Element,https://www.svgrepo.com/show/439215/lit-element.svg
Locks,https://www.svgrepo.com/show/439216/locks.svg
Margin Collapsing,https://www.svgrepo.com/show/439217/margin-collapsing.svg
Manual Testing,https://www.svgrepo.com/show/439218/manual-testing.svg
Material Design,https://www.svgrepo.com/show/439219/material-design.svg
Media Recorder,https://www.svgrepo.com/show/439220/media-recorder.svg
Media Queries,https://www.svgrepo.com/show/439221/media-queries.svg
Mergesort,https://www.svgrepo.com/show/439222/mergesort.svg
Microtask,https://www.svgrepo.com/show/439223/microtask.svg
Media Streams,https://www.svgrepo.com/show/439224/media-streams.svg
Middleware,https://www.svgrepo.com/show/439225/middleware.svg
Mocha,https://www.svgrepo.com/show/439226/mocha.svg
Mobile First,https://www.svgrepo.com/show/439227/mobile-first.svg
Module Bundlers,https://www.svgrepo.com/show/439228/module-bundlers.svg
Modules,https://www.svgrepo.com/show/439229/modules.svg
Monads,https://www.svgrepo.com/show/439230/monads.svg
Mongodb,https://www.svgrepo.com/show/439231/mongodb.svg
Mutation Observer,https://www.svgrepo.com/show/439232/mutation-observer.svg
Mysql,https://www.svgrepo.com/show/439233/mysql.svg
Native File System,https://www.svgrepo.com/show/439234/native-file-system.svg
Network Information Api,https://www.svgrepo.com/show/439235/network-information-api.svg
Non Relational Databases,https://www.svgrepo.com/show/439236/non-relational-databases.svg
Normal Forms,https://www.svgrepo.com/show/439237/normal-forms.svg
Nodejs,https://www.svgrepo.com/show/439238/nodejs.svg
Normalization,https://www.svgrepo.com/show/439239/normalization.svg
Npm,https://www.svgrepo.com/show/439240/npm.svg
Object Oriented Programming,https://www.svgrepo.com/show/439241/object-oriented-programming.svg
Npm Scripts,https://www.svgrepo.com/show/439242/npm-scripts.svg
Observer,https://www.svgrepo.com/show/439243/observer.svg
Objects,https://www.svgrepo.com/show/439244/objects.svg
Observers,https://www.svgrepo.com/show/439245/observers.svg
Offline First,https://www.svgrepo.com/show/439246/offline-first.svg
Offscreen Images,https://www.svgrepo.com/show/439247/offscreen-images.svg
Oocss,https://www.svgrepo.com/show/439248/oocss.svg
Order Of Growth,https://www.svgrepo.com/show/439249/order-of-growth.svg
Overflow,https://www.svgrepo.com/show/439250/overflow.svg
Owasp,https://www.svgrepo.com/show/439251/owasp.svg
Package Managers,https://www.svgrepo.com/show/439252/package-managers.svg
Paint Areas,https://www.svgrepo.com/show/439253/paint-areas.svg
Parcel,https://www.svgrepo.com/show/439254/parcel.svg
Peer To Peer,https://www.svgrepo.com/show/439255/peer-to-peer.svg
Payment Request Api,https://www.svgrepo.com/show/439256/payment-request-api.svg
Performance Api,https://www.svgrepo.com/show/439257/performance-api.svg
Performance Budgets,https://www.svgrepo.com/show/439258/performance-budgets.svg
Performance Observer,https://www.svgrepo.com/show/439259/performance-observer.svg
Performance Metrics,https://www.svgrepo.com/show/439260/performance-metrics.svg
Picture In Picture,https://www.svgrepo.com/show/439261/picture-in-picture.svg
Performance Testing,https://www.svgrepo.com/show/439262/performance-testing.svg
Pika,https://www.svgrepo.com/show/439263/pika.svg
Pointer Events,https://www.svgrepo.com/show/439264/pointer-events.svg
Pointer Lock Api,https://www.svgrepo.com/show/439265/pointer-lock-api.svg
Polyfills,https://www.svgrepo.com/show/439266/polyfills.svg
Postcss,https://www.svgrepo.com/show/439267/postcss.svg
Postgresql,https://www.svgrepo.com/show/439268/postgresql.svg
Presentation,https://www.svgrepo.com/show/439269/presentation.svg
Prettier,https://www.svgrepo.com/show/439270/prettier.svg
Precedence Graph,https://www.svgrepo.com/show/439271/precedence-graph.svg
Programming Paradigms,https://www.svgrepo.com/show/439272/programming-paradigms.svg
Project Fugu,https://www.svgrepo.com/show/439273/project-fugu.svg
Promises,https://www.svgrepo.com/show/439274/promises.svg
Prototype,https://www.svgrepo.com/show/439275/prototype.svg
Prototype (1),https://www.svgrepo.com/show/439276/prototype-1.svg
Proximity,https://www.svgrepo.com/show/439277/proximity.svg
Proxies,https://www.svgrepo.com/show/439278/proxies.svg
Proxy Server,https://www.svgrepo.com/show/439279/proxy-server.svg
Proxy,https://www.svgrepo.com/show/439280/proxy.svg
Pseudo Selectors,https://www.svgrepo.com/show/439281/pseudo-selectors.svg
Queues And Stacks,https://www.svgrepo.com/show/439282/queues-and-stacks.svg
Prpl Pattern,https://www.svgrepo.com/show/439283/prpl-pattern.svg
Push Notifications,https://www.svgrepo.com/show/439284/push-notifications.svg
Quicksort,https://www.svgrepo.com/show/439285/quicksort.svg
Rail Model,https://www.svgrepo.com/show/439286/rail-model.svg
Recursion,https://www.svgrepo.com/show/439287/recursion.svg
Redis,https://www.svgrepo.com/show/439288/redis.svg
Red Black Tree,https://www.svgrepo.com/show/439289/red-black-tree.svg
React,https://www.svgrepo.com/show/439290/react.svg
Regex,https://www.svgrepo.com/show/439291/regex.svg
Relational Algebra,https://www.svgrepo.com/show/439292/relational-algebra.svg
Relational Databases,https://www.svgrepo.com/show/439293/relational-databases.svg
Relative Units,https://www.svgrepo.com/show/439294/relative-units.svg
Render Blocking Resources,https://www.svgrepo.com/show/439295/render-blocking-resources.svg
Rendering,https://www.svgrepo.com/show/439296/rendering.svg
Repetition,https://www.svgrepo.com/show/439297/repetition.svg
Requestanimationframe,https://www.svgrepo.com/show/439298/requestanimationframe.svg
Requestidlecallback,https://www.svgrepo.com/show/439299/requestidlecallback.svg
Resize Observer,https://www.svgrepo.com/show/439300/resize-observer.svg
Request Reply Protocol,https://www.svgrepo.com/show/439301/request-reply-protocol.svg
Resource Prioritization,https://www.svgrepo.com/show/439302/resource-prioritization.svg
Responsive Design,https://www.svgrepo.com/show/439303/responsive-design.svg
Rest Api,https://www.svgrepo.com/show/439304/rest-api.svg
Rollup,https://www.svgrepo.com/show/439305/rollup.svg
Sass,https://www.svgrepo.com/show/439306/sass.svg
Routing,https://www.svgrepo.com/show/439307/routing.svg
Screen Capture,https://www.svgrepo.com/show/439308/screen-capture.svg
Screen Readers,https://www.svgrepo.com/show/439309/screen-readers.svg
Scrollsnapping,https://www.svgrepo.com/show/439310/scrollsnapping.svg
Scrum,https://www.svgrepo.com/show/439311/scrum.svg
Searching,https://www.svgrepo.com/show/439312/searching.svg
Selectors,https://www.svgrepo.com/show/439313/selectors.svg
Seo,https://www.svgrepo.com/show/439314/seo.svg
Serializability,https://www.svgrepo.com/show/439315/serializability.svg
Service Workers,https://www.svgrepo.com/show/439316/service-workers.svg
Shadow Dom,https://www.svgrepo.com/show/439317/shadow-dom.svg
Shape Detection,https://www.svgrepo.com/show/439318/shape-detection.svg
Shadow Parts,https://www.svgrepo.com/show/439319/shadow-parts.svg
Share,https://www.svgrepo.com/show/439320/share.svg
Singleton,https://www.svgrepo.com/show/439321/singleton.svg
Slots,https://www.svgrepo.com/show/439322/slots.svg
Smacss,https://www.svgrepo.com/show/439323/smacss.svg
Smoke Testing,https://www.svgrepo.com/show/439324/smoke-testing.svg
Snowpack,https://www.svgrepo.com/show/439325/snowpack.svg
Solid,https://www.svgrepo.com/show/439326/solid.svg
Sorting,https://www.svgrepo.com/show/439327/sorting.svg
Space Complexity,https://www.svgrepo.com/show/439328/space-complexity.svg
Spacing,https://www.svgrepo.com/show/439329/spacing.svg
Specifications,https://www.svgrepo.com/show/439330/specifications.svg
